date,Country,Magnitude,Latitude,Longitude,Total Deaths,Total Damage
1976-1-13,Iceland,6.4,66.157,-16.582,1,
1964-3-27,United States of America,9.2,60.908,-147.339,131,2934412
1946-4-1,United States of America,8.6,53.492,-162.832,165,375256
1995-5-27,Russian Federation,7.6,52.5,142.9,1989,123105
1992-4-13,Germany,5.6,51.153,5.798,1,104284
1983-11-8,Belgium,5,50.37,5.31,2,146915
2003-9-27,Russian Federation,7.3,50.038,87.813,3,16863
1928-11-18,Canada,7.2,48.6,-58,27,
1990-6-14,Soviet Union,6.8,47.892,85.12,1,
1965-4-29,United States of America,6.7,47.4,-122.3,7,260069
1949-4-13,United States of America,7,47.167,-122.617,8,307458
2001-2-28,United States of America,6.8,47.149,-122.7266667,1,3305590
2007-8-2,Russian Federation,6.2,47.116,141.798,2,592812
1941-5-6,China,6,47,127.2,132,
1931-8-11,China,7.9,46.817,89.915,10000,
1976-5-6,Italy,6.5,46.356,13.275,922,18513239
2004-7-12,Slovenia,5.2,46.296,13.641,1,15494
2020-3-22,Croatia,5.4,45.897,15.966,1,7689208
1990-5-30,Romania,7,45.841,26.668,9,
1990-5-30,Soviet Union,7,45.841,26.668,4,
1990-5-30,Bulgaria,7,45.841,26.668,1,
1940-11-10,Romania,7.3,45.8,26.8,980,209071
1977-3-4,Romania,7.5,45.772,26.761,1641,9657249
1977-3-4,Bulgaria,6.4,45.77,26.76,20,
1957-12-4,Mongolia,8.1,45.5,99.5,1200,
2020-12-29,Croatia,6.4,45.422,16.255,8,7037208
1994-10-4,Russian Federation,7.9,45.1,147.51,11,
1994-10-4,Japan,7.9,45.1,147.51,5,
1969-10-26,Yugoslavia,6,44.9,17.3,15,398893
2012-5-20,Italy,6,44.89,11.23,7,20139674
2012-5-29,Italy,5.8,44.851,11.086,17,
1959-8-17,United States of America,7.3,44.712,-111.215,28,110436
1920-9-7,Italy,5.8,44.3,10.3,1400,
1983-10-28,United States of America,6.9,44.058,-113.857,2,44075
1909-6-11,France,6.2,44.05,6.14,46,
1972-2-4,Italy,4.8,43.8,13.3,1,
1972-6-21,Italy,4.4,43.8,13.3,2,2099556
2003-8-16,China,5.4,43.77,119.643,4,265676
2010-11-3,Serbia,5.5,43.76,20.73,2,177508
1930-10-30,Italy,5.9,43.667,13.267,18,
1906-12-23,China,8.3,43.5,85.5,280,
1911-1-4,Kazakhstan,7.7,43.5,77.5,450,
2008-10-11,Russian Federation,5.8,43.372,46.254,13,
1993-1-15,Japan,7.5,43.3,143.691,2,725264
1984-4-29,Italy,5.8,43.26,12.558,3,70429
1999-2-21,Russian Federation,6.5,43.21,46.82,1,
1967-8-13,France,5.3,43.2,-0.5,1,
1986-12-7,Bulgaria,5.1,43.12,25.57,3,
1997-9-26,Italy,5.5,43,13,14,8249822
2003-5-23,Kazakhstan,5.5,42.946,72.764,3,
2016-10-26,Italy,6.1,42.934,13.043,1,243872
2003-12-1,China,6,42.905,80.515,11,3075
1993-7-12,Japan,7.8,42.851,139.197,239,2025877
1979-9-19,Italy,5.8,42.812,13.061,5,
1991-6-15,Georgia,6.3,42.8,44,8,
2016-8-24,Italy,6.2,42.723,13.187,296,6096793
2017-1-18,Italy,5.3,42.601,13.227,29,21491
1992-10-24,Georgia,6.7,42.503,45.073,1,
1971-2-6,Italy,4.6,42.5,11.8,22,300665
2002-4-24,Serbia Montenegro,5.7,42.436,21.466,1,
2009-4-6,Italy,6.3,42.334,13.334,295,3410307
1993-9-21,United States of America,5.8,42.314,-122.01,2,15194
1982-3-21,Japan,6.7,42.158,142.361,110,3033
1991-4-29,Soviet Union,6.9,42.15,42.44,270,3653037
1992-8-19,Kyrgyzstan,7.5,42.142,73.575,54,271138
1905-6-1,Albania,6.6,42.1,19.6,120,775175
1963-7-26,Yugoslavia,6,42.1,21.3,1070,9556080
1984-5-7,Italy,5.4,42.1,13.5,3,
1968-11-3,Yugoslavia,5.3,42.1,19.3,1,324767
1979-4-15,Yugoslavia,6.9,42.096,19.209,121,1814601
1979-4-15,Albania,6.9,42.096,19.209,35,
1952-3-4,Japan,8.1,42.084,143.899,33,
1915-1-13,Italy,7.5,42.02,13.26,29980,1738812
1992-5-22,Kyrgyzstan,7,42.01,74.01,4,64656
1949-2-23,China,7.3,42,84,21,
1983-2-25,Yugoslavia,4.7,41.959,21.54,12,1469
1968-9-3,Türkiye,6.6,41.86,32.463,24,
2021-3-24,China,5.4,41.816,81.164,3,135003
2002-10-31,Italy,5.9,41.789,14.872,30,1295084
2003-9-25,Japan,7.4,41.774,143.593,2,895663
2002-4-25,Georgia,4.8,41.765,44.96,6,569447
1942-8-27,Albania,6,41.7,20.4,43,
1940-5-8,Türkiye,6,41.7,43.8,16,
2019-11-26,Albania,6.4,41.511,19.522,51,801300
1986-5-13,Soviet Union,5.7,41.431,43.737,2,
1962-8-21,Italy,6.1,41.4,15.5,16,
1967-11-30,Albania,6.7,41.386,20.532,11,175461
1925-1-9,Türkiye,5.8,41.2,42.8,200,
1976-3-25,Türkiye,4.8,41.13,43.01,2,
1998-1-10,China,6.2,41.083,114.5,49,512569
1981-2-14,Italy,4.6,41.051,14.601,12,1609
1992-5-15,Uzbekistan,5.6,41.019,72.429,9,
1988-12-7,Soviet Union,6.8,40.987,44.185,25000,34645914
1930-7-23,Italy,6.4,40.922,15.377,1883,87635
1943-11-27,Türkiye,7.5,40.916,33.562,4020,676763
1980-11-23,Italy,6.9,40.914,15.366,4689,71025535
1962-3-18,Albania,6,40.9,19.5,15,
1903-5-28,Türkiye,5.8,40.9,42.7,1000,
1990-12-21,Greece,5.5,40.9,22.5,1,
2019-9-26,Türkiye,5.7,40.89,28.173,1,
1982-11-16,Albania,5.5,40.883,19.59,1,15163
1942-12-20,Türkiye,7,40.87,36.732,3000,
2022-11-23,Türkiye,6.1,40.847,30.967,2,50000
1999-6-4,Azerbaijan,5.4,40.802,47.448,1,8784
1951-8-13,Türkiye,6.7,40.8,33.4,54,
1943-1-20,Türkiye,6.6,40.8,30.5,285,
1902-12-16,Soviet Union,6.4,40.8,72.3,4562,
1996-5-3,China,6.4,40.774,109.661,18,
1999-11-12,Türkiye,7.2,40.758,31.161,845,1756895
1999-11-11,Türkiye,7.2,40.758,31.161,3,
1967-7-22,Türkiye,7.4,40.751,30.8,183,26319
1999-8-17,Türkiye,7.6,40.748,29.864,17127,35137907
1978-6-20,Greece,6.4,40.739,23.229,50,1121569
1999-8-31,Türkiye,5.2,40.711,29.949,1,
1999-9-13,Türkiye,5.8,40.709,30.045,6,
1957-5-26,Türkiye,7.1,40.7,30.9,53,
1902-2-13,Soviet Union,6.9,40.7,48.6,86,
1944-2-1,Türkiye,7.6,40.696,32.992,3959,
2000-6-6,Türkiye,6,40.693,32.992,2,
1975-2-4,China,7,40.641,122.58,2000,
1943-6-20,Türkiye,6.2,40.6,30.5,285,
1931-1-28,Albania,5.8,40.6,20.8,90,
1984-10-18,Türkiye,5.3,40.55,42.4,3,
2022-12-20,United States of America,6.4,40.525,124.423,2,250000
1901-8-10,Japan,7.9,40.5,142.5,18,
1994-12-28,Japan,7.5,40.5,143.4,2,336437
1932-9-26,Greece,6.9,40.5,23.9,151,
1968-5-17,Japan,6.5,40.5,140.43,47,1102188
1930-11-21,Albania,6,40.5,19.5,35,
1983-5-26,Japan,7.7,40.462,139.102,102,1222334
1912-8-9,Türkiye,7.8,40.41,27.15,923,
1990-5-6,Italy,5.4,40.38,15.48,2,
1983-10-30,Türkiye,6.8,40.33,42.187,1346,73458
1985-10-14,Soviet Union,5.9,40.301,69.823,29,
1900-7-12,Türkiye,5.9,40.3,43.1,140,
1930-12-2,Albania,5,40.3,19.6,25,
2014-5-24,Greece,6.9,40.2893,25.3889,3,556293
2000-11-25,Azerbaijan,6.8,40.245,49.946,31,16995
1964-10-6,Türkiye,6.8,40.203,28.206,23,47177
1920-11-26,Albania,6.2,40.2,20,200,
1953-3-18,Türkiye,7.3,40.175,27.648,1200,38990
1995-5-14,Indonesia,6.8,40.1,21.6,15,
1995-5-13,Greece,6.6,40.1,21.6,26,864233
2011-7-19,Uzbekistan,6.1,40.081,71.41,13,
1939-5-1,Japan,7,39.945,139.682,27,
2004-3-25,Türkiye,5.6,39.93,40.812,9,
1952-1-3,Türkiye,6,39.9,41.7,103,
1924-9-13,Türkiye,6.8,39.897,41.891,60,
1989-10-18,China,5.3,39.893,113.884,29,
1902-8-22,China,7.7,39.88,76.2,2500,
1946-11-4,Soviet Union,6.9,39.826,54.648,400,
2008-7-23,Japan,6.8,39.802,141.464,1,149520
1991-3-26,China,5.8,39.8,173.9,1,
1939-12-27,Türkiye,7.8,39.771,39.57,32962,421151
2004-7-1,Türkiye,5.1,39.766,43.979,18,
2002-12-14,China,5.6,39.736,97.443,2,
1992-3-13,Türkiye,6.8,39.71,39.605,653,1564256
1941-11-12,Türkiye,5.9,39.7,39.4,15,
1939-11-21,Türkiye,5.9,39.7,10.4,13,
1924-5-13,Türkiye,5.3,39.7,42.8,50,
1998-8-27,China,6.4,39.66,77.343,3,
2003-2-24,China,6.3,39.61,77.23,268,249767
1976-7-28,China,7.5,39.57,117.978,242000,28798371
2000-12-6,Turkmenistan,7,39.566,54.799,11,
2008-10-5,Kyrgyzstan,6.7,39.533,73.824,74,
1997-4-11,China,5.8,39.527,76.941,9,
1938-4-19,Türkiye,6.6,39.508,33.872,149,
1944-10-6,Türkiye,6.8,39.502,26.596,27,
1945-9-23,China,6.3,39.5,119,17,
1967-7-26,Türkiye,6.2,39.5,40.4,97,
2003-1-27,Türkiye,6.1,39.5,39.878,1,
1941-9-11,Türkiye,6,39.5,43.3,430,
1967-5-1,Greece,5.9,39.5,21.2,9,43865
1981-3-10,Greece,5.6,39.481,20.699,2,
1997-1-21,China,5.9,39.474,76.998,12,
1985-8-23,China,7,39.431,75.224,67,
2003-5-4,China,5.8,39.43,77.219,1,
1997-3-1,China,5.2,39.422,76.839,2,
2020-6-14,Türkiye,5.9,39.421,40.697,1,
1965-3-9,Greece,6.3,39.4,24,38,74305
1968-2-20,Greece,7.2,39.368,24.957,19,5048
1954-4-30,Greece,7,39.3,22.2,31,34275
1997-4-6,China,6.6,39.3,76.5,9,
1935-5-1,Türkiye,6.1,39.3,40.6,540,
1946-5-31,Türkiye,5.9,39.3,41.2,840,
1996-3-19,China,6.9,39.28,76.44,26,44780
2016-11-25,China,6.6,39.238,74.047,1,6706
1966-8-19,Türkiye,6.8,39.235,41.572,2394,180326
1933-3-3,Japan,8.4,39.224,144.622,3000,
1939-9-22,Türkiye,6.3,39.209,27.164,60,
1980-7-12,Greece,6.3,39.203,22.729,1,17756
1949-7-10,Soviet Union,7.4,39.2,70.8,3500,
1914-3-16,Japan,7.2,39.2,139.8,94,
1931-4-27,Armenia,6.3,39.2,46,2890,
1966-2-5,Greece,6.3,39.2,22,1,36065
1942-11-15,Türkiye,6.1,39.2,28.2,16,
1968-4-29,Iran (Islamic Republic of),5.3,39.2,44.3,38,8414
2011-5-19,Türkiye,5.8,39.149,29.103,3,317454
1976-11-24,Türkiye,7.3,39.121,44.029,3840,128564
1966-3-7,Türkiye,6,39.1,41.6,10,
1970-3-28,Türkiye,7.2,39.098,29.57,1086,419101
1903-4-29,Türkiye,6.3,39.09,42.3,3560,
2008-6-13,Japan,6.9,39.03,140.881,23,226999
2003-5-1,Türkiye,6.4,39.007,40.464,177,214768
1949-8-17,Türkiye,6.8,39,40.5,320,
1991-1-31,Pakistan,6.4,38.993,70.423,300,21488
1991-1-31,Afghanistan,6.4,38.993,70.423,130,
2007-7-21,Tajikistan,5.2,38.936,70.485,11,
1971-5-22,Türkiye,6.9,38.934,40.653,878,36138
1977-5-26,Iran (Islamic Republic of),5.4,38.934,44.38,3,
2017-6-12,Greece,6.3,38.915,26.371,1,
1909-4-23,Portugal,6.6,38.9,-8.8,30,
1944-6-25,Türkiye,6,38.9,29.3,21,
1966-7-12,Türkiye,4.6,38.9,41.3,12,
2010-3-8,Türkiye,6.1,38.864,39.986,51,
1980-1-1,Azores Islands,6.7,38.815,-27.78,69,17756
1914-11-27,Greece,6.3,38.8,20.6,14,
2011-10-23,Türkiye,7.1,38.721,43.508,604,1951560
1998-7-9,Azerbaijan,5.7,38.717,48.507,1,
2002-1-9,Tajikistan,5.3,38.673,69.902,3,
1905-9-8,Italy,7.1,38.67,16.07,557,
1964-6-16,Japan,6.5,38.67,139.195,25,7548326
1998-7-8,Azores Islands,6.2,38.65,-28.626,10,129264
2012-5-13,Tajikistan,5.7,38.612,70.354,2,
2002-2-3,Türkiye,6.5,38.573,31.271,42,154564
1977-3-25,Türkiye,4.9,38.56,40.02,30,
2020-2-23,Türkiye,5.8,38.543,44.447,9,
1948-4-22,Greece,6.5,38.532,20.425,2,
1969-3-28,Türkiye,6.7,38.515,28.546,53,
1907-10-21,China,7.4,38.5,69.9,12000,
1975-9-6,Türkiye,6.7,38.474,40.723,2385,92446
1989-1-23,Soviet Union,5.3,38.465,68.694,274,58547
2011-11-9,Türkiye,5.6,38.429,43.229,40,
2023-1-28,Iran (Islamic Republic of),5.9,38.424,44.909,3,
1930-9-22,Soviet Union,6.3,38.4,68.5,151,
1995-6-15,Greece,6.3,38.4,22.2,26,811803
1978-4-16,Italy,5.7,38.391,15.066,5,
2020-1-24,Türkiye,6.7,38.39,44.367,41,0
2003-10-25,China,5.8,38.383,100.975,9,63635
2002-9-6,Italy,6,38.381,13.701,2,813495
2012-8-11,Iran (Islamic Republic of),6.4,38.329,46.826,306,637331
2011-3-11,Japan,9.1,38.297,142.373,19846,273218373
2011-3-11,Indonesia,9.1,38.297,142.373,1,
2011-4-7,Japan,7.1,38.276,141.588,2,
1981-2-24,Greece,6.7,38.222,22.934,22,2896776
2014-8-24,United States of America,6.02,38.2151667,-122.3123333,1,865345
2015-12-7,Tajikistan,7.2,38.211,72.78,2,6174
1911-2-18,Soviet Union,7.4,38.2,72.8,90,
1946-2-21,Türkiye,5.6,38.2,31.8,12,
1978-6-12,Japan,7.7,38.19,142.028,28,3880630
1953-8-12,Greece,6.8,38.182,20.942,476,1092164
1908-12-28,Italy,7,38.17,15.58,75000,3778163
2000-5-7,Türkiye,4.5,38.164,38.777,1,
1999-9-7,Greece,5.8,38.119,23.605,143,7378960
1930-5-6,Iran (Islamic Republic of),7.1,38.087,44.781,1360,
1997-2-28,Iran (Islamic Republic of),6,38.075,48.05,1100,138564
2023-2-6,Türkiye,7.8,38.055,36.51,50096,
2023-2-6,Syrian Arab Republic,7.8,38.055,36.51,4500,
1995-10-1,Türkiye,6.1,38,30.1,94,395243
1925-8-7,Türkiye,5.9,38,30.5,3,
1986-5-5,Türkiye,5.8,37.993,37.806,15,
2008-6-8,Greece,6.4,37.963,21.525,2,
1948-10-5,Soviet Union,7.3,37.95,58.32,110000,304896
2020-10-30,Türkiye,7,37.913,26.779,115,508845
2020-10-30,Greece,7,37.913,26.779,2,
1914-10-4,Türkiye,7,37.82,30.27,4000,
2019-11-8,Iran (Islamic Republic of),5.9,37.808,47.558,6,103024
1929-5-1,Iran (Islamic Republic of),7.4,37.8,57.8,3253,
2017-5-13,Iran (Islamic Republic of),5.6,37.772,57.204,3,2388
1904-8-11,Greece,6.2,37.75,27,4,
2021-2-13,Japan,7.1,37.745,141.749,1,8316216
1970-7-30,Iran (Islamic Republic of),6.7,37.733,55.885,176,60302
2022-3-16,Japan,7.3,37.702,141.587,3,8800000
1968-1-15,Italy,6.4,37.702,13.033,224,2103413
1965-4-5,Greece,6.2,37.7,21.8,32,
1914-5-8,Italy,4.9,37.7,15.2,120,
1976-8-19,Türkiye,4.9,37.7,28.89,4,
2011-5-11,Spain,5.1,37.699,-1.672,10,260208
1906-4-18,United States of America,7.9,37.67,-122.48,700,17066874
1997-2-4,Iran (Islamic Republic of),5.6,37.661,57.291,100,54696
1927-5-23,China,7.7,37.645,102.489,40912,
2005-1-25,Türkiye,5.9,37.622,43.703,2,
1971-5-12,Türkiye,5.9,37.6,29.8,57,
1965-2-10,Iran (Islamic Republic of),5.1,37.6,47.1,20,
1993-3-27,Greece,5.2,37.589,21.391,1,
2023-5-6,Japan,6.2,37.548,137.299,1,
2007-7-16,Japan,6.6,37.535,138.446,9,17643208
1966-9-1,Greece,5.9,37.5,22.1,1,126229
2015-7-3,China,6.4,37.4593,78.1542,3,3951
1991-4-18,Afghanistan,5.4,37.457,68.273,24,
1991-4-18,Soviet Union,5.4,37.457,68.273,1,
1907-7-7,Japan,7,37.4,142.6,41,
1945-3-20,Türkiye,6,37.4,35.8,300,
2007-3-25,Japan,6.7,37.336,136.588,1,352864
1990-12-13,Italy,4.7,37.3,15.438,19,1119924
2006-7-29,Tajikistan,5.6,37.255,68.828,3,31938
2006-7-29,Afghanistan,5.6,37.255,68.828,1,
2004-10-23,Japan,6.6,37.226,138.779,40,43383054
1998-5-30,Afghanistan,6.6,37.106,70.11,4700,17953
1969-1-3,Iran (Islamic Republic of),5.6,37.1,57.9,50,
1998-2-4,Afghanistan,5.9,37.075,70.089,2323,17953
1989-10-18,United States of America,6.9,37.036,-121.88,62,13220224
1986-9-13,Greece,5.6,37.02,22.07,20,1989154
1990-10-20,China,6.2,37.001,103.863,1,
1994-5-1,Afghanistan,6.3,37,67,160,
1924-7-3,China,7,36.983,164,100,
2003-5-21,Algeria,6.8,36.964,3.634,2266,7954379
1990-6-21,Iran (Islamic Republic of),7.3,36.961,49.414,40000,17918788
1983-7-22,Iran (Islamic Republic of),5.5,36.948,49.18,3,14692
2003-5-27,Algeria,5.8,36.939,3.578,9,
2017-7-21,Greece,6.7,36.925,27.414,2,
1920-12-16,China,8.6,36.888,105.606,180000,365875
2014-8-1,Algeria,5.5,36.8561,3.181,6,
1944-4-5,Iran (Islamic Republic of),4.8,36.8,54.5,20,
1989-10-29,Algeria,5.7,36.788,2.448,22,
1947-10-6,Greece,7.6,36.728,21.897,3,
1956-7-9,Greece,7.8,36.664,25.957,53,
2006-3-20,Algeria,5.2,36.623,5.328,4,
1923-9-17,Iran (Islamic Republic of),6.4,36.617,57.046,157,
1976-3-19,Afghanistan,5.5,36.61,67.79,50,
1932-5-20,Iran (Islamic Republic of),5.4,36.6,53.4,1070,
2015-10-25,Pakistan,7.5,36.5244,70.3676,280,
2015-10-26,Afghanistan,7.5,36.5244,70.3676,115,
2023-3-21,Pakistan,6.5,36.519,70.946,11,
2023-3-21,Afghanistan,6.5,36.519,70.946,5,
1948-6-28,Japan,7.1,36.5,136,5131,12195833
1952-10-22,Türkiye,5,36.5,35.5,20,
2015-12-25,Pakistan,6.3,36.4935,71.1263,3,
1998-2-20,Pakistan,6.4,36.479,71.086,1,
2016-4-10,Pakistan,6.6,36.473,71.13,6,
1985-10-27,Algeria,5.9,36.46,6.791,30,2721
1995-7-21,China,5.6,36.443,103.105,14,
2002-3-3,Afghanistan,6.3,36.429,70.438,150,
2002-3-3,Pakistan,6.3,36.429,70.438,3,
1984-9-14,Japan,6.9,36.39,138.1,20,121137
1983-12-31,Afghanistan,7.4,36.372,70.738,12,8815
2005-12-13,Afghanistan,6.5,36.357,71.093,5,
1935-4-12,Iran (Islamic Republic of),6.3,36.3,53.5,690,
1935-3-5,Iran (Islamic Republic of),6,36.3,53.3,60,
2004-5-28,Iran (Islamic Republic of),6.3,36.29,51.61,35,255650
1954-9-9,Algeria,6.7,36.283,1.467,1250,65286
1972-6-24,Afghanistan,6.1,36.278,69.681,11,
1957-7-2,Iran (Islamic Republic of),6.6,36.277,52.778,2500,156268
1957-2-20,Tunisia,5.6,36.2,8.9,13,
1980-10-10,Algeria,7.4,36.195,1.354,2633,18466639
1985-7-29,Pakistan,7.4,36.19,70.896,5,5441
2023-2-20,Türkiye,6.3,36.159,36.034,6,
1982-12-16,Afghanistan,6.6,36.148,69.011,500,3033
1991-7-27,Iraq,5.6,36.12,44.01,20,
2002-3-25,Afghanistan,6.1,36.062,69.315,1000,
1969-2-28,Morocco,7.8,36.033,-10.613,11,
1969-2-28,Portugal,7.8,36.033,-10.613,2,
2012-6-11,Afghanistan,5.7,36.023,69.351,73,
1961-8-19,Japan,6.8,36,136.7,10,
1910-6-24,Algeria,6.4,36,4,12,
1972-9-3,Pakistan,6.2,36,73.4,100,
1960-2-21,Algeria,5.6,36,4.1,57,
1990-4-26,China,6.9,35.986,100.245,126,130695
1987-1-26,Algeria,4.3,35.964,1.374,1,2576
2002-4-12,Afghanistan,5.9,35.959,69.417,50,
1983-3-26,Iran (Islamic Republic of),4.9,35.953,52.264,30,14692
2003-4-10,Afghanistan,4.6,35.893,70.62,1,
1991-1-31,Soviet Union,6.8,35.883,70.423,3,
2003-12-22,United States of America,6.5,35.7005,-121.1005,2,318175
1965-1-1,Algeria,5.5,35.7,4.4,2,18576
1981-9-12,Pakistan,6.2,35.693,73.594,250,16093
1962-9-1,Iran (Islamic Republic of),7.3,35.656,49.843,12000,290236
2017-12-20,Iran (Islamic Republic of),4.9,35.649,50.962,2,
2010-4-18,Afghanistan,5.6,35.633,67.658,11,
1927-3-7,Japan,7.3,35.632,135.013,3022,672874
2002-6-22,Iran (Islamic Republic of),6.5,35.626,49.047,227,488097
1994-8-18,Algeria,5.6,35.52,-0.12,171,
2002-11-2,Pakistan,5.4,35.517,74.654,17,
1956-3-16,Lebanon,5.8,35.5,35.5,136,
1983-8-8,Japan,5.3,35.5,139.07,1,
1967-7-13,Algeria,5,35.5,-0.1,10,
2010-8-27,Iran (Islamic Republic of),5.8,35.49,54.47,3,
1980-9-25,Japan,6.2,35.45,139.964,2,3551
1943-9-10,Japan,7,35.448,133.993,1400,
1925-5-23,Japan,6.6,35.423,135.007,395,
2002-11-20,Pakistan,6.3,35.414,74.515,19,
1923-9-1,Japan,8.1,35.413,139.298,143000,10270175
1909-8-14,Japan,6.9,35.4,136.3,41,
1980-11-30,Iran (Islamic Republic of),5.7,35.4,51.26,26,
1953-2-12,Iran (Islamic Republic of),6.6,35.385,54.979,970,
1987-12-17,Japan,6,35.38,140.214,2,
1952-8-22,United States of America,5.8,35.333,-118.917,2,110038
1999-12-22,Algeria,5.6,35.321,-1.281,22,107046
2000-2-2,Iran (Islamic Republic of),5.3,35.288,58.218,1,
2021-9-27,Greece,6,35.252,25.26,1,32401
1983-11-7,China,5.3,35.206,115.213,34,14692
1903-9-25,Iran (Islamic Republic of),6.5,35.2,58.2,350,
1923-5-26,Iran (Islamic Republic of),5.7,35.2,59.2,2200,
2001-6-1,Afghanistan,5,35.169,69.389,4,
2004-2-24,Morocco,6.4,35.142,-3.997,628,619758
1990-10-22,Pakistan,6.6,35.121,70.486,11,
1956-6-10,Afghanistan,7.6,35.1,67.5,100,269149
1974-12-28,Pakistan,6.2,35.1,72.9,4700,19319
1995-2-23,Cyprus,5.8,35.1,32.3,2,8335
1930-11-26,Japan,6.9,35.05,139.129,259,
1952-7-21,United States of America,7.5,34.958,-118.998,12,660226
2022-1-17,Afghanistan,5.3,34.929,63.621,28,
2017-11-12,Iran (Islamic Republic of),7.3,34.911,45.959,444,883506
2017-11-12,Iraq,7.3,34.911,45.959,10,
2018-6-18,Japan,5.5,34.826,135.64,5,3787745
1978-1-14,Japan,6.6,34.809,139.259,25,
2004-2-14,Pakistan,5.5,34.774,73.216,24,
2009-8-10,Japan,6.2,34.743,138.264,1,545649
1953-9-10,Cyprus,6.3,34.741,32.335,40,
2003-11-13,China,5.1,34.712,103.834,1,
2018-8-26,Iran (Islamic Republic of),6,34.663,46.277,2,
2002-4-24,Iran (Islamic Republic of),5.4,34.642,47.4,2,
1945-1-13,Japan,6.6,34.612,137.064,2306,
1925-12-14,Iran (Islamic Republic of),5.5,34.6,58.1,500,
1980-12-19,Iran (Islamic Republic of),5.8,34.587,50.652,20,17756
1995-1-17,Japan,7.2,34.58,135,5297,192051751
2005-10-8,Pakistan,7.6,34.539,73.588,73338,7792473
2005-10-8,India,7.6,34.539,73.588,1309,1498553
2005-10-8,Afghanistan,7.6,34.539,73.588,1,75
2023-10-11,Afghanistan,6.3,34.53,62.048,1,
2013-4-24,Afghanistan,5.5,34.526,70.22,18,
1974-5-9,Japan,6.5,34.522,138.74,30,
2023-10-7,Afghanistan,5.4,34.517,61.946,2400,
2013-7-22,China,5.9,34.512,104.262,95,1256261
1980-12-22,Iran (Islamic Republic of),5.2,34.503,50.59,4,3551
1971-2-9,United States of America,6.6,34.416,-118.37,65,3996825
1958-8-16,Iran (Islamic Republic of),6.7,34.4,47.9,191,
1957-12-13,Iran (Islamic Republic of),7.1,34.3,47.8,3000,52089
1984-2-2,Afghanistan,5.8,34.26,70.28,1,14086
1999-2-11,Afghanistan,6,34.259,69.364,70,
1925-6-29,United States of America,6.3,34.25,-119.41,13,133806
2000-7-1,Japan,6.1,34.221,139.131,1,
1936-8-1,China,6,34.2,105.7,115,
2009-4-16,Afghanistan,5.2,34.185,70.076,22,
1968-8-31,Iran (Islamic Republic of),7.1,34.158,59.083,10000,294478
1991-6-28,United States of America,5.8,34.1,-118.09,2,71986
2001-3-24,Japan,6.8,34.083,132.526,2,826397
1987-5-29,Iran (Islamic Republic of),4.6,34.076,48.266,2,
1984-2-17,Pakistan,6.5,34.07,71.15,4,
1987-10-1,United States of America,5.9,34.061,-118.079,8,548607
1905-6-2,Japan,7.8,34,132,11,
1992-6-28,United States of America,7.4,34,-118.15,1,208567
1968-9-1,Iran (Islamic Republic of),6.5,34,58.2,700,
1979-11-27,Iran (Islamic Republic of),7.1,33.962,59.726,16,
1979-11-14,Iran (Islamic Republic of),6.6,33.918,59.741,350,
1979-1-16,Iran (Islamic Republic of),6.7,33.897,59.472,199,
1997-5-10,Iran (Islamic Republic of),7.3,33.825,59.809,1568,182321
1997-5-10,Afghanistan,6.4,33.825,59.809,5,18
2005-3-20,Japan,6.6,33.807,130.131,1,599421
1976-11-6,Iran (Islamic Republic of),6.2,33.8,59.15,16,
1944-12-7,Japan,7.9,33.682,36.204,1223,
1947-9-23,Iran (Islamic Republic of),6.9,33.621,58.643,400,
1933-3-10,United States of America,6.3,33.62,117.97,116,873562
1909-1-23,Iran (Islamic Republic of),7.7,33.55,48.48,5000,
2012-12-5,Iran (Islamic Republic of),5.8,33.506,59.571,6,
2006-3-31,Iran (Islamic Republic of),6.1,33.5,48.78,63,61353
1941-2-16,Iran (Islamic Republic of),6.3,33.482,58.785,730,
2004-7-18,Afghanistan,5.2,33.426,69.524,2,
1978-9-16,Iran (Islamic Republic of),7.4,33.386,57.434,25000,224314
1992-5-20,Pakistan,6,33.377,71.317,36,
1992-5-20,Afghanistan,5.5,33.377,71.317,14,
2017-8-8,China,6.5,33.193,103.855,29,596963
2010-4-14,China,6.9,33.165,96.548,2968,671056
1946-12-21,Japan,8.3,33.116,135.895,2000,
2019-9-24,Pakistan,5.6,33.106,73.766,39,19460
2022-6-21,Afghanistan,5.9,33.092,69.514,1036,
2013-5-1,India,5.7,33.061,75.863,3,150751
1906-8-16,Chile,8.2,33.05,71.4,20000,3257037
1987-11-24,Mexico,6.6,33.015,-115.852,2,
1936-6-30,Iran (Islamic Republic of),6.2,33,60,12,
2012-7-20,China,4.9,32.978,119.593,1,
1980-8-24,India,5.5,32.913,75.633,13,
2016-4-16,Japan,7.3,32.791,130.75,49,24387171
2016-4-14,Japan,6.5,32.788,130.7,9,46335626
2008-8-5,China,6,32.756,105.494,4,
1940-5-18,United States of America,7.2,32.733,-115.5,9,689936
1963-2-21,Libya,5.4,32.6,21,300,47780
2008-5-25,China,6.1,32.56,105.423,8,
1915-6-22,United States of America,6.2,32.47,-115.33,6,28980
1998-4-10,Iran (Islamic Republic of),5.8,32.457,59.976,12,
1975-1-19,India,6.8,32.455,78.43,47,
2010-4-4,Mexico,7.2,32.2861667,-115.2953333,2,1543429
1911-4-18,Iran (Islamic Republic of),6.7,32.23,57.03,700,
1980-6-9,Mexico,6.4,32.2,-115.122,2,
1955-9-12,Egypt,6.3,32.2,29.6,20,
1903-3-30,Israel,5.7,32.2,35.3,20,
1978-12-14,Iran (Islamic Republic of),6.2,32.14,49.65,45,
1986-4-26,India,5.3,32.128,76.374,6,13350
1905-4-4,India,7.8,32.04,76.16,20000,814259
1977-4-7,Iran (Islamic Republic of),5.9,31.98,50.68,352,
1927-7-11,Jordan,6.3,31.922,35.633,268,
1982-6-16,China,5.5,31.907,99.931,10,
1933-8-25,China,7.5,31.9,103.4,10000,
2019-7-8,Iran (Islamic Republic of),5.7,31.775,49.542,1,
1992-3-4,Iran (Islamic Republic of),4.9,31.726,50.778,5,
1941-10-8,China,6,31.7,102.3,15,
1979-7-9,China,5.4,31.452,119.241,42,
1923-3-24,China,7,31.295,100.75,5000,
2023-9-8,Morocco,6.8,31.058,-8.385,2497,
2008-5-12,China,7.9,31.002,103.322,87476,115538194
1977-12-20,Iran (Islamic Republic of),5.8,30.95,56.47,589,
1981-1-24,China,6.8,30.927,101.098,150,
1994-2-23,Iran (Islamic Republic of),6.1,30.853,60.596,9,2764
1991-10-20,India,6.1,30.78,78.774,1500,128931
2005-2-22,Iran (Islamic Republic of),6.4,30.754,56.816,612,119884
1952-8-17,China,7.4,30.648,91.601,54,
2008-10-28,Pakistan,6.4,30.639,67.351,166,13593
1999-3-28,India,6.6,30.512,79.403,100,3514
1960-2-29,Morocco,5.9,30.45,-9.62,13100,1187441
2022-6-1,China,5.8,30.395,102.958,4,42000
2014-11-22,China,5.9,30.3398,101.7374,5,61810
2013-4-20,China,6.6,30.308,102.888,198,8542573
2010-1-30,China,5.1,30.268,105.668,1,5905
2021-10-7,Pakistan,5.9,30.22,68.014,21,
1989-5-27,Iran (Islamic Republic of),5.8,30.167,50.921,100,
1998-3-14,Iran (Islamic Republic of),6.6,30.154,57.605,5,
1993-6-22,Iran (Islamic Republic of),5.6,30.149,50.814,24,
1981-7-28,Iran (Islamic Republic of),7.1,30.013,57.794,1200,3218640
1955-4-14,China,7.5,30,101.8,39,
1909-10-21,Pakistan,7.2,30,68,231,
1994-6-6,Colombia,6.4,30,-76.2,271,4739
1930-8-24,China,5.5,30,100,200,
1989-4-15,China,6.4,29.987,99.195,8,387164
1997-2-28,Pakistan,6.3,29.976,68.208,50,
1988-8-11,Iran (Islamic Republic of),6.1,29.974,51.679,1,
1986-7-12,Iran (Islamic Republic of),5.7,29.962,51.582,1,
1981-6-11,Iran (Islamic Republic of),6.7,29.913,57.715,2000,16093
1992-10-12,Egypt,5.9,29.888,31.223,552,2502809
1989-11-20,China,4.7,29.882,106.804,4,
1981-12-12,Pakistan,4,29.856,66.962,6,
2008-10-6,China,6.3,29.807,90.35,30,
2022-9-5,China,6.6,29.726,102.279,118,2300000
1966-6-27,Nepal,6.3,29.706,80.935,80,9016
2005-11-26,China,5.2,29.671,115.688,16,
1980-7-29,Nepal,6.5,29.598,81.092,100,870063
2019-9-8,China,5.1,29.573,105.064,1,
2001-2-23,China,5.6,29.513,101.129,3,39667
1999-5-6,Iran (Islamic Republic of),7,29.501,51.88,20,
1935-5-31,Pakistan,7.5,29.5,66.8,60000,
1948-5-25,China,7.3,29.5,100.5,800,
1915-12-3,China,7,29.5,91.5,170,
1933-9-20,China,5,29.5,102.5,200,
2019-2-25,China,4.9,29.498,104.632,2,2289
2013-11-28,Iran (Islamic Republic of),5.8,29.32,51.31,8,
1992-8-28,Pakistan,5.7,29.3,66.7,4,
2022-11-9,Nepal,5.7,29.274,81.149,6,
1994-6-20,Iran (Islamic Republic of),6,29.21,52.5,2,
1923-9-23,Iran (Islamic Republic of),6.8,29.196,56.833,290,
2021-9-16,China,5.4,29.182,105.391,3,270007
1994-3-1,Iran (Islamic Republic of),5.6,29.096,52.617,3,
2003-12-26,Iran (Islamic Republic of),6.6,28.995,58.311,26796,795438
1990-3-4,Pakistan,6.1,28.925,66.331,11,2240
1995-11-22,Egypt,6.2,28.8,34.8,10,
2011-1-18,Pakistan,7.2,28.777,63.951,2,
1935-12-18,China,6,28.7,103.6,100,
1966-8-15,India,5.6,28.7,78.9,15,
1950-8-15,India,8.6,28.5,96.5,1500,242905
2013-4-9,Iran (Islamic Republic of),6.4,28.428,51.593,37,753756
1972-4-10,Iran (Islamic Republic of),6.6,28.415,52.765,5057,6999
2010-12-20,Iran (Islamic Republic of),6.7,28.412,59.18,7,
2019-6-17,China,5.8,28.405,104.957,13,1488129
1974-5-11,China,7.1,28.4,104.1,20000,
1985-2-3,Iran (Islamic Republic of),5.3,28.399,52.997,1,
2003-7-10,Iran (Islamic Republic of),5.8,28.355,54.169,1,34468
1999-3-4,Iran (Islamic Republic of),6.6,28.343,57.193,1,
1990-11-6,Iran (Islamic Republic of),6.6,28.251,55.462,21,520317
2013-8-31,China,5.6,28.2425,99.3502,3,194720
2015-4-25,India,7.8,28.2305,84.7314,78,
2015-4-25,China,7.8,28.2305,84.7314,29,
2015-4-25,Bangladesh,7.8,28.2305,84.7314,4,
2015-4-25,Nepal,7.8,28.23,84.731,8831,6388555
2002-2-17,Iran (Islamic Republic of),5.4,28.093,51.755,1,
2013-4-16,Pakistan,7.7,28.033,61.996,41,
2006-8-25,China,5,28.012,104.151,1,
1911-6-15,Japan,8,28,130,12,
1917-7-31,China,6.8,28,104,1800,
1960-4-24,Iran (Islamic Republic of),6,28,54.5,480,197907
2006-7-22,China,4.9,27.995,104.138,22,
1961-6-11,Iran (Islamic Republic of),6.4,27.861,54.528,60,
2015-5-12,Nepal,7.3,27.8087,86.0655,138,
2015-5-12,India,7.3,27.8087,86.0655,20,
2015-5-12,China,7.3,27.8087,86.0655,1,
1998-11-13,Iran (Islamic Republic of),5.4,27.791,53.608,5,
2012-6-24,China,5.5,27.767,100.781,4,382399
2011-9-18,India,6.9,27.73,88.155,112,
2011-9-18,Nepal,6.9,27.73,88.155,7,
2011-9-18,China,6.9,27.73,88.155,7,
2011-9-18,Bhutan,6.9,27.73,88.155,1,
2021-11-14,Iran (Islamic Republic of),6.3,27.721,56.065,1,178205
1977-12-10,Iran (Islamic Republic of),5,27.69,56.57,3,
2001-5-23,China,5.5,27.689,101.003,2,59501
1977-3-22,Iran (Islamic Republic of),6.9,27.609,56.393,167,
1969-3-31,Egypt,6.6,27.575,33.895,2,
2012-9-7,China,5.5,27.575,103.983,81,1274663
1956-10-31,Iran (Islamic Republic of),6.4,27.407,54.462,350,
2003-11-14,China,5.6,27.372,103.971,4,
1998-11-19,China,5.6,27.308,101.029,3,125674
2020-5-18,China,5.1,27.296,103.281,4,19223
2004-8-10,China,5.4,27.266,103.873,4,77470
2014-8-3,China,6.2,27.1891,103.4086,731,6181033
2013-9-28,Pakistan,6.8,27.1825,65.5052,22,
2014-1-2,Iran (Islamic Republic of),5.2,27.1502,54.4482,1,2472
2010-7-20,Iran (Islamic Republic of),5.8,27.022,53.861,1,
1925-10-15,China,5.8,27,100,12,
2013-9-24,Pakistan,7.7,26.951,65.5009,399,125626
2022-7-2,Iran (Islamic Republic of),6.1,26.899,55.321,5,143000
1930-5-14,China,6,26.8,103,42,
2021-4-28,India,6.4,26.781,92.457,2,
2005-11-27,Iran (Islamic Republic of),5.9,26.774,55.858,13,
1988-8-21,India,6.9,26.755,86.616,382,176942
1988-8-20,Nepal,6.7,26.755,86.616,709,148482
2008-9-10,Iran (Islamic Republic of),6.1,26.743,55.828,6,
1936-8-17,China,5.5,26.6,103,30,
1948-6-27,China,6.8,26.4,99.7,110,
2001-10-27,China,5.6,26.316,100.648,1,
2008-8-30,China,6,26.241,101.889,40,668762
1946-12-5,Taiwan (Province of China),6.6,26.19,121.086,58,
2016-5-18,China,4.8,26.077,99.539,2,73162
1986-8-31,Soviet Union,5.6,26,46.5,1,1949104
2003-7-21,China,6,25.975,101.29,16,119316
2003-10-16,China,5.6,25.954,101.254,3,95453
1985-4-18,China,5.8,25.926,102.871,22,
1995-10-24,China,6.1,25.9,102.2,46,153641
2000-8-21,China,4.9,25.826,102.194,1,73079
2021-5-21,China,6.1,25.761,100.011,3,557294
1925-3-16,China,6.8,25.713,100.422,5000,
2009-7-9,China,5.7,25.632,101.095,1,429699
2000-1-14,China,5.9,25.607,101.063,7,124914
2010-1-17,China,4.4,25.558,105.804,8,
1910-4-12,Taiwan (Province of China),7.8,25.5,122.5,60,
1996-2-3,China,7,25.04,102.41,309,944108
2008-8-21,China,6,25.039,97.697,6,
1909-4-15,Taiwan (Province of China),7.3,25,121.5,9,
1945-11-28,Pakistan,8.1,24.927,63.601,4000,406528
2016-1-3,India,6.7,24.804,93.65,8,91452
2016-1-3,Bangladesh,6.7,24.804,93.65,5,
2001-4-12,China,5.6,24.768,99.061,2,51237
2011-3-10,China,5.5,24.727,97.957,25,377302
1988-2-6,Bangladesh,5.8,24.688,91.57,2,
1935-7-17,Taiwan (Province of China),6.5,24.6,120.8,2746,
1922-9-2,Taiwan (Province of China),7.6,24.5,122,5,
1963-2-13,Taiwan (Province of China),7.2,24.411,122.094,15,
1909-5-11,China,6.5,24.4,103,21,
1984-12-31,India,6,24.4,92.34,20,
1935-4-21,Taiwan (Province of China),6,24.3,124.3,3276,
2002-3-31,Taiwan (Province of China),7.1,24.279,122.179,4,40675
2000-1-26,China,4.9,24.263,103.797,1,821
1970-1-4,China,7.1,24.185,102.543,10000,
1913-12-21,China,7,24.15,102.45,942,
2018-2-6,Taiwan (Province of China),6.4,24.136,121.658,84,116546
1916-11-15,Taiwan (Province of China),6,24,121,1,
1917-1-5,Taiwan (Province of China),6.3,23.9,120.9,54,
1940-4-6,China,6,23.9,102.3,181,
2013-3-27,Taiwan (Province of China),5.9,23.828,121.215,1,1256
1951-10-22,Taiwan (Province of China),7.3,23.8,121.7,68,
2013-6-2,Taiwan (Province of China),6.2,23.789,121.141,4,1382
1999-9-21,Taiwan (Province of China),7.7,23.772,120.982,2264,24772224
1916-8-28,Taiwan (Province of China),6.5,23.7,120.9,180,
1906-3-17,Taiwan (Province of China),6.8,23.6,170.5,1258,
1989-5-7,China,5.6,23.553,99.526,1,127481
1918-2-13,China,7.3,23.5,117,10000,
1904-11-6,Taiwan (Province of China),6.3,23.5,120.3,145,
1904-4-24,Taiwan (Province of China),6,23.5,120.5,3,
1999-10-22,Taiwan (Province of China),5.9,23.445,120.506,1,1406
2001-1-26,India,7.7,23.419,70.232,20005,4335281
2001-1-26,Pakistan,7.7,23.419,70.232,12,826
1906-4-13,Taiwan (Province of China),6.5,23.4,120.4,15,
2014-10-7,China,6.1,23.3834,100.4702,1,338721
2014-12-6,China,5.6,23.3577,100.533,1,
1941-12-17,Taiwan (Province of China),7.3,23.304,120.393,319,
1930-12-8,Taiwan (Province of China),6.3,23.261,120.277,4,
1964-1-18,Taiwan (Province of China),7,23.2,120.6,107,
2022-9-18,Taiwan (Province of China),6.5,23.119,121.422,1,50000
1942-2-2,China,6.8,23.1,100.3,90,
1997-5-22,India,6,23.083,80.041,43,67459
2007-6-2,China,6.1,23.028,101.052,3,482718
2012-11-11,Myanmar,6.8,23.005,95.885,38,1491
1956-7-21,India,6.1,23,70,113,
2016-2-6,Taiwan (Province of China),6.4,22.938,120.6,117,853551
1951-11-25,Taiwan (Province of China),7.5,22.9,121.5,17,
2003-7-26,Bangladesh,5.7,22.854,92.306,2,
1988-11-6,China,7.6,22.789,99.611,939,665696
1994-9-15,China,6.8,22.52,118.7,1,
1941-12-26,Myanmar,7.2,22.408,99.814,15,
1969-7-26,China,6.4,22.317,111.8,3000,
1936-8-22,Taiwan (Province of China),7.2,22.3,120.8,10,
1997-11-22,Bangladesh,5.9,22.212,92.702,23,
1959-8-15,Taiwan (Province of China),7.2,22.078,121.105,16,
1995-7-12,China,7.1,21.966,99.196,11,69331
1989-6-12,Bangladesh,5.1,21.861,89.763,1,
2006-12-26,Taiwan (Province of China),7.1,21.799,120.547,2,
1970-3-23,India,5.4,21.7,73,26,
1999-7-22,Bangladesh,5.2,21.544,91.895,6,
2016-8-24,Myanmar,6.8,20.923,94.569,4,12194
2019-7-27,Philippines,6,20.807,121.986,9,6019
2011-3-24,Myanmar,6.9,20.687,99.822,74,4684
2011-3-24,Thailand,6.9,20.687,99.822,1,
2018-10-6,Haiti,5.9,20.034,-73.013,17,
2003-9-22,Dominican Republic,6.4,19.777,-70.673,3,
2014-5-5,Thailand,6.1,19.6557,99.6696,1,76645
1932-6-3,Mexico,8.1,19.5,-104.25,400,
1989-6-26,United States of America,6.1,19.362,-155.083,5,
1920-1-3,Mexico,7.8,19.26,-96.97,648,
1946-8-4,Dominican Republic,7.9,19.25,-69,73,
1937-7-25,Mexico,7.7,18.8,-97.5,34,
2003-1-22,Mexico,7.6,18.77,-104.104,29,185019
2017-9-17,Mexico,7.1,18.55,-98.489,369,7163559
2022-9-19,Mexico,7.6,18.497,-102.982,2,25000
2022-1-24,Haiti,5.3,18.494,-73.3,2,
1973-1-30,Mexico,7.5,18.481,-102.996,56,
2010-1-12,Haiti,7,18.443,-72.571,222570,10736894
2021-8-14,Haiti,7.2,18.408,-73.475,2575,1749722
1999-6-15,Mexico,6.5,18.386,-97.436,15,398464
1973-8-28,Mexico,6.8,18.267,-96.598,500,
2022-9-22,Mexico,6.8,18.247,-102.952,3,
1930-12-4,Myanmar,7.4,18.233,96.298,36,
1983-8-18,Philippines,6.5,18.231,120.86,19,6544
1959-8-26,Mexico,6.4,18.22,-94.416,25,
1980-10-24,Mexico,6.7,18.211,-98.24,65,17756
1907-1-14,Jamaica,6.5,18.2,-76.8,1200,942214
1985-9-19,Mexico,8,18.19,-102.533,9500,11165686
1964-7-6,Mexico,7.3,18.136,-100.605,45,28306
1918-10-11,Puerto Rico,7.5,18.06,-67.54,116,565887
1981-10-24,Mexico,7.3,18.048,-102.084,3,
2011-12-11,Mexico,6.5,17.986,-99.789,2,
2020-1-7,Puerto Rico,6.4,17.935,-66.883,4,904613
1930-5-5,Myanmar,7.5,17.86,96.43,500,
1979-3-14,Mexico,7.6,17.813,-101.276,5,120973
2022-7-27,Philippines,7,17.56,120.801,10,151000
1911-6-7,Mexico,7.9,17.5,-102.5,45,
1967-12-11,India,6.6,17.412,73.885,177,3509
1997-1-12,Mexico,7.3,17.31,-101.16,1,
1982-3-27,Mexico,3.5,17.25,-93.21,10,
2021-9-8,Mexico,7,16.982,-99.773,3,216006
1995-9-14,Mexico,7.2,16.8,-98.6,6,40523
1977-3-19,Philippines,7,16.773,122.327,1,483
1989-4-25,Mexico,6.9,16.773,-99.328,3,
2009-5-28,Honduras,7.3,16.731,-86.217,7,136412
1982-6-7,Mexico,7,16.558,-98.358,9,
1968-8-2,Mexico,7.3,16.519,-97.739,18,20193
1957-7-28,Mexico,7.9,16.5,-99.1,160,260446
2012-3-20,Mexico,7.4,16.493,-98.231,2,407892
1993-9-29,India,6.4,16.4,74.2,9748,567246
1941-1-11,Yemen Arab Republic,5.9,16.4,43.5,1200,
1995-10-9,Mexico,7.5,16.2,104.1,58,
1999-9-30,Mexico,7.5,16.1,96.7,31,289536
1978-11-29,Mexico,7.7,16.01,-96.591,9,
2020-6-23,Mexico,7.4,15.916,-95.953,10,84807
1999-7-11,Guatemala,6.7,15.782,88.33,2,
1999-12-12,Philippines,7.3,15.766,119.74,6,3152
2004-11-21,Guadeloupe,6.3,15.679,-61.706,1,
1990-7-16,Philippines,7.7,15.658,121.227,2412,827848
1968-9-25,Mexico,5.7,15.5,-92.7,15,
1993-8-1,Sudan,6.2,15.385,31.69,3,
1976-2-4,Guatemala,7.5,15.324,-89.101,23000,5142566
2017-9-8,Mexico,8.1,15.022,-93.899,98,2746031
2019-4-22,Philippines,6.1,14.99,120.35,25,57236
2007-11-29,Martinique,7.4,14.944,-61.274,1,
2014-7-7,Mexico,6.9,14.724,-92.4614,3,
2014-7-7,Guatemala,6.9,14.724,-92.4614,1,
1982-12-13,Yemen Arab Republic,6.3,14.701,44.379,1507,6065385
1991-9-18,Guatemala,5.3,14.646,-90.986,14,
2013-9-7,Guatemala,6.4,14.6056,-92.1207,1,2513
1937-8-20,Philippines,7.5,14.575,121.68,1,
1917-12-25,Guatemala,6,14.38,-90.22,2650,
2022-2-16,Guatemala,6.2,14.228,-91.343,3,
2011-9-19,Guatemala,5.6,14.186,-90.238,3,
1902-4-18,Guatemala,7.5,14,-91,2000,845577
2012-11-7,Guatemala,7.4,13.988,-91.895,44,267679
1991-11-22,Yemen,4.4,13.887,44.068,10,
1988-11-3,Guatemala,6.6,13.881,-90.45,5,
2005-5-5,El Salvador,4.8,13.835,-89.759,1,
2001-2-13,El Salvador,6.6,13.671,-88.938,315,575999
1965-5-3,El Salvador,6,13.5,-89.3,125,325086
1986-10-10,El Salvador,7.5,13.4,-89.1,1100,4005008
1973-3-17,Philippines,7,13.372,122.787,14,2966
1994-11-15,Philippines,7.1,13.352,121.087,81,7305
1982-6-19,El Salvador,7.3,13.332,-89.387,20,15163
1951-5-6,El Salvador,6.5,13.3,-87.8,1100,258927
2019-5-30,El Salvador,6.6,13.243,-89.272,1,
1931-3-31,Nicaragua,5.6,13.2,-85.7,1000,288849
2001-1-13,El Salvador,7.7,13.049,-88.66,844,2479192
2001-1-13,Guatemala,7.7,13.049,-88.66,6,83
2002-9-13,India,6.5,13.036,93.068,2,
1954-7-2,Philippines,6.8,13,123.9,13,
1951-8-3,Nicaragua,6,13,-87.5,500,
1972-12-23,Nicaragua,6.3,12.184,-86.223,10000,5913750
2020-8-18,Philippines,6.6,12.021,124.123,1,2827
1969-3-29,Ethiopia,6.2,11.9,41.21,24,2553
2000-7-6,Nicaragua,5.4,11.884,-85.988,7,
1983-12-22,Guinea,6.2,11.866,-13.529,443,23506
1990-6-14,Philippines,7.1,11.76,121.899,4,
1992-9-1,Nicaragua,7,11.742,-87.34,179,52142
2014-4-11,Nicaragua,6.6,11.642,-85.8779,2,3709
1931-10-4,Solomon Islands,7.9,11.117,161.11,50,
2017-7-6,Philippines,6.5,11.111,124.619,3,5210
2012-8-31,Philippines,7.6,10.811,126.638,1,4135
1986-7-18,Venezuela (Bolivarian Republic of),5.9,10.77,-69.428,1,
1973-4-14,Costa Rica,6.5,10.679,-84.759,21,1318
1997-7-9,Venezuela (Bolivarian Republic of),6.7,10.598,-63.486,80,147680
1967-7-28,Venezuela (Bolivarian Republic of),6.6,10.559,-67.33,240,1228229
1948-1-25,Philippines,8.3,10.5,122,72,42685
1950-8-3,Venezuela (Bolivarian Republic of),6.8,10.5,-68,100,
1961-6-2,Ethiopia,6.5,10.4,39.9,30,
2009-1-8,Costa Rica,6.1,10.165,-84.197,31,272825
2012-9-5,Costa Rica,7.6,10.085,-85.315,2,57360
1955-9-1,Costa Rica,5.8,10,-84.5,10,
2012-2-6,Philippines,6.7,9.999,123.206,113,11344
2017-2-10,Philippines,6.7,9.907,125.452,8,16684
2013-10-15,Philippines,7.1,9.8796,124.1167,230,64646
1990-12-22,Costa Rica,5.8,9.869,84.302,1,43677
1925-8-7,Philippines,6.7,9.782,123.064,17,
1990-2-8,Philippines,6.6,9.725,124.625,1,2016
1991-4-22,Panama,7.2,9.685,-83.073,30,
1991-4-22,Costa Rica,6.3,9.685,-83.073,47,214885
1983-7-3,Costa Rica,6.5,9.652,-83.688,2,14692
2004-11-20,Costa Rica,6.4,9.602,-84.172,8,
1993-7-10,Costa Rica,4.4,9.59,-84.04,3,
1983-4-2,Costa Rica,7.1,8.717,-83.123,10,2938
2003-12-25,Panama,6.5,8.416,-82.824,2,
2003-12-25,Costa Rica,6.5,8.416,-82.824,2,
1918-8-15,Philippines,8.3,8.29,124.4,100,
1981-10-18,Colombia,5.4,8.117,-72.527,10,16093
1985-3-19,Philippines,6.5,7.758,123.544,2,
1974-7-12,Colombia,7.3,7.747,-77.688,11,
1955-4-1,Philippines,6.3,7.674,124.081,400,54651
1992-10-17,Colombia,6.6,7.123,7,11,
2000-11-8,Colombia,6.5,7.042,-77.829,2,
2019-10-31,Philippines,6.5,6.905,125.187,23,
2019-10-29,Philippines,6.6,6.754,124.985,10,
1967-7-29,Colombia,6.8,6.747,-73.032,20,
2019-10-16,Philippines,6.4,6.714,125.009,7,
2019-12-15,Philippines,6.8,6.708,125.188,14,
1993-7-22,Colombia,6.1,6.47,-71.21,2,
1976-8-17,Philippines,7.9,6.262,124.023,6000,689104
1936-8-24,Indonesia,7.3,6.1,94.7,9,
2002-3-5,Philippines,7.5,6.033,124.249,15,2789
2015-6-5,Malaysia,6,5.987,116.541,24,2
1939-6-22,Ghana,6.4,5.552,-0.628,22,
1983-12-22,Papua New Guinea,6.4,5.392,151.868,10,73458
1913-3-14,Indonesia,7.8,5.354,126.121,138,
2016-12-7,Indonesia,6.5,5.281,96.108,104,121936
1962-7-30,Colombia,6.8,5.173,-76.352,47,
1967-4-12,Indonesia,6.7,5.121,96.286,14,
2013-10-22,Indonesia,5.4,5.1033,95.9709,1,
2013-1-22,Indonesia,6.1,4.927,95.907,1,
1995-1-19,Colombia,6.5,4.9,-73.1,7,
1979-11-23,Colombia,6.7,4.805,-76.217,60,80649
2013-7-2,Indonesia,6.1,4.645,96.665,48,163314
1999-1-25,Colombia,6.2,4.461,-75.724,1186,3263198
2008-5-24,Colombia,5.9,4.33,-73.764,11,13593
1995-2-8,Colombia,6.4,4.1,-76.6,40,
1990-11-15,Indonesia,6,3.908,97.457,1,4704
1998-6-28,Türkiye,6.3,3.878,35.307,145,987435
1991-11-19,Colombia,6.8,3.554,-77.442,2,
2004-12-26,Indonesia,9.1,3.295,95.982,165708,6897286
2004-12-26,Sri Lanka,9.1,3.295,95.982,35399,2039778
2004-12-26,India,9.1,3.295,95.982,16389,1584721
2004-12-26,Thailand,9.1,3.295,95.982,8345,1549395
2004-12-26,Somalia,9.1,3.295,95.982,298,154939
2004-12-26,Maldives,9.1,3.295,95.982,102,728370
2004-12-26,Malaysia,9.1,3.295,95.982,80,774697
2004-12-26,Myanmar,9.1,3.295,95.982,71,774697
2004-12-26,United Republic of Tanzania,9.1,3.295,95.982,10,
2004-12-26,Seychelles,9.1,3.295,95.982,3,46482
2004-12-26,Bangladesh,9.1,3.295,95.982,2,774697
2004-12-26,Kenya,9.1,3.295,95.982,1,154939
2011-9-5,Indonesia,6.7,2.965,97.893,10,7611
1967-2-9,Colombia,7,2.849,-74.798,61,5264
2002-11-2,Indonesia,7.4,2.824,96.085,3,
2008-2-20,Indonesia,7.4,2.768,95.964,3,
1983-3-31,Colombia,4.9,2.461,-76.686,250,1207348
2003-5-27,Indonesia,7,2.354,128.855,1,
2012-4-11,Indonesia,8.6,2.327,93.063,7,
2004-8-18,Colombia,5.1,2.265,-76.595,1,
1987-4-26,Indonesia,6.4,2.244,98.866,2,
2005-3-28,Indonesia,8.6,2.085,97.108,915,
1979-12-12,Colombia,7.7,1.598,-79.358,579,32260
1906-1-31,Colombia,8.9,1.51,78.46,400,
1958-1-19,Colombia,7.6,1.5,-79.5,111,
2008-11-16,Indonesia,7.4,1.271,122.091,6,
1990-4-18,Indonesia,7.8,1.186,122.857,5,
1983-10-25,Indonesia,6.1,1.131,120.858,2,
1995-3-4,Colombia,5.1,1.12,-77.17,8,
1996-2-17,Indonesia,7.5,1.1,137.15,166,7836
2016-9-10,United Republic of Tanzania,5.9,1.036,31.618,17,558466
1994-1-21,Indonesia,6.8,1.015,127.733,7,
1923-12-14,Colombia,5.3,1,-77.5,300,
2022-3-26,Ecuador,5.8,0.909,-79.589,1,
1976-4-9,Ecuador,6.7,0.782,79.804,10,20570
1996-1-1,Indonesia,7,0.729,119.931,9,2239
2006-12-17,Indonesia,5.8,0.626,99.859,8,
1966-3-20,Uganda,0.6,0.622,29.863,104,13524
1994-2-6,Uganda,6.2,0.593,30.037,7,138208
1932-5-14,Indonesia,7.4,0.5,126,6,
2016-5-18,Ecuador,6.8,0.495,-79.62,1,
2016-4-16,Ecuador,7.8,0.382,-79.92,672,2438717
1994-1-17,United States of America,6.6,0.34,30.12,60,59231878
2022-2-25,Indonesia,6.1,0.216,100.096,15,39000
1968-8-15,Indonesia,7.8,0.157,119.802,200,
1987-3-5,Ecuador,7.2,0.151,-77.785,5000,3863430
2014-8-13,Ecuador,5.1,-0.018,-78.322,3,
2018-9-28,Indonesia,7.5,-0.256,119.846,4140,1689917
1990-8-11,Ecuador,5,-0.259,-78.449,4,
2009-1-3,Indonesia,7.7,-0.414,132.885,5,13641
2004-2-16,Indonesia,5.1,-0.466,100.655,5,
2007-3-6,Indonesia,6.3,-0.488,100.53,67,282291
2019-7-14,Indonesia,7.2,-0.586,128.034,8,
1998-8-4,Ecuador,7.2,-0.593,-80.393,3,
1996-3-28,Ecuador,5.7,-0.68,78.3,27,13061
2009-11-8,Indonesia,7.6,-0.72,99.867,2,3315
1927-12-1,Indonesia,6.3,-0.842,120.764,50,
1987-9-22,Ecuador,6.4,-0.978,-78.05,2,
2016-9-10,Uganda,5.9,-1.036,31.618,4,
2000-5-4,Indonesia,7.6,-1.105,123.573,45,50985
1994-10-9,Indonesia,6.3,-1.14,128.5,1,
2005-1-23,Indonesia,6.3,-1.198,119.933,1,
1924-3-3,Ecuador,6.9,-1.29,-78.52,40,
2012-8-18,Indonesia,6.3,-1.315,120.096,6,
1949-8-5,Ecuador,6.8,-1.5,-78.2,6000,245966
1979-9-12,Indonesia,7.9,-1.679,136.04,2,
2002-1-17,Rwanda,4.7,-1.684,29.077,45,
2002-10-10,Indonesia,7.6,-1.757,134.297,8,
1980-8-18,Ecuador,5.6,-1.948,-80.017,8,
1998-11-29,Indonesia,7.7,-2.071,124.891,33,359067
2015-8-6,Democratic Republic of the Congo,5.5,-2.091,28.952,3,
1995-10-7,Indonesia,7,-2.1,101.3,84,
1995-3-26,Ecuador,5.2,-2.13,-79.54,1,
2010-6-16,Indonesia,7,-2.174,136.543,17,
2008-2-3,Rwanda,5.9,-2.296,28.9,36,
2008-2-3,Democratic Republic of the Congo,5.9,-2.296,28.9,11,9515
1965-1-24,Indonesia,8.2,-2.608,-125.952,71,
1995-10-2,Ecuador,6.9,-2.7,-77.8,2,
1984-1-8,Indonesia,6.4,-2.823,118.806,2,1409
2023-3-18,Ecuador,6.8,-2.837,-79.844,14,
2023-3-18,Peru,6.8,-2.837,-79.844,1,
2002-5-18,United Republic of Tanzania,5.5,-2.907,33.733,2,
1998-7-17,Papua New Guinea,7,-2.961,141.926,2182,
2021-1-15,Indonesia,6.2,-2.976,118.901,110,63398
1969-2-23,Indonesia,7,-3.201,118.904,64,
2002-1-10,Papua New Guinea,6.7,-3.212,142.427,1,
1979-12-15,Indonesia,6.6,-3.299,102.712,5,
2002-9-8,Papua New Guinea,7.6,-3.302,142.945,4,
2004-2-24,Burundi,4.7,-3.393,29.558,3,
2019-9-26,Indonesia,6.5,-3.45,128.347,31,
2010-10-25,Indonesia,7.8,-3.487,100.082,530,
1953-12-12,Peru,7.3,-3.552,-80.636,9,
1986-11-30,Brazil,5.3,-3.58,-62.42,1,13350
2006-3-14,Indonesia,6.7,-3.595,127.214,3,
2004-11-26,Indonesia,7.1,-3.609,135.404,32,85217
2004-2-5,Indonesia,7,-3.615,135.538,37,1549
1967-4-11,Indonesia,5.5,-3.7,119.3,71,
1914-6-26,Indonesia,7.6,-3.924,101.82,20,
2008-9-9,Indonesia,5.2,-3.935,103.058,2,
2000-11-16,Papua New Guinea,8,-3.98,152.169,2,
1997-9-28,Indonesia,6,-4,119.4,20,2006
1970-12-9,Peru,7.2,-4.026,-80.542,29,15076
1970-12-9,Ecuador,7.2,-4.026,-80.542,29,30151
1985-9-15,Indonesia,6.3,-4.13,136.049,10,
2023-4-2,Papua New Guinea,7,-4.326,143.159,8,
2007-9-12,Indonesia,8.4,-4.438,101.367,25,705728
1989-8-1,Indonesia,6.3,-4.511,139.022,120,
1976-10-29,Indonesia,7.1,-4.517,139.918,133,
1981-1-19,Indonesia,6.8,-4.576,139.232,306,16093
1976-6-26,Indonesia,7.1,-4.603,140.091,420,128564
2000-6-7,Indonesia,6.7,-4.612,101.905,1,
2000-6-4,Indonesia,6.7,-4.646,102.102,103,69680
1983-4-12,Peru,5.2,-4.843,-78.103,10,1469
1994-2-16,Indonesia,7.2,-4.967,104.302,207,336587
1970-11-1,Papua New Guinea,6.9,-4.999,145.396,15,13191
1968-6-19,Peru,7,-5.61,-77.086,11,841
2005-9-26,Peru,7.5,-5.678,-76.398,5,
2019-5-26,Peru,8,-5.812,-75.27,2,
1993-10-13,Papua New Guinea,7.2,-5.889,146.202,53,10129
1991-4-4,Peru,6.9,-5.982,-77.094,53,
1950-6-19,Indonesia,6.5,-6,113,16,
1990-5-29,Peru,6.6,-6.016,-77.229,200,2240
1992-9-11,Democratic Republic of the Congo,6.7,-6.087,26.651,9,
1987-2-9,Papua New Guinea,7.4,-6.088,147.689,1,6761
2018-2-26,Papua New Guinea,7.5,-6.149,142.766,145,71093
2005-12-5,Democratic Republic of the Congo,6.8,-6.224,29.83,6,
2005-12-5,United Republic of Tanzania,6.8,-6.224,29.83,2,
2022-9-13,Papua New Guinea,7.6,-6.256,146.469,7,
2018-3-7,Papua New Guinea,6.7,-6.294,142.607,25,
2005-6-4,Papua New Guinea,6.1,-6.319,146.846,1,
1999-12-21,Indonesia,6.5,-6.845,105.555,5,6852
2022-11-21,Indonesia,5.6,-6.853,107.095,334,
1972-3-20,Peru,6.4,-6.855,-76.726,12,139970
1917-1-21,Indonesia,6.6,-7,116,15000,
2023-1-10,Indonesia,7.6,-7.065,130.005,1,
1975-7-21,Solomon Islands,7.7,-7.104,155.152,200,
2018-1-23,Indonesia,6,-7.196,105.918,1,93237
1971-6-16,Indonesia,5.2,-7.2,109.1,1,
2019-8-2,Indonesia,6.9,-7.282,104.791,6,
2017-12-15,Indonesia,6.5,-7.492,108.174,4,
1979-11-2,Indonesia,6.1,-7.656,108.252,26,64519
2009-9-2,Indonesia,7,-7.782,107.297,128,218260
2006-5-26,Indonesia,6.3,-7.961,110.446,5778,4500335
2000-10-2,United Republic of Tanzania,6.5,-7.977,30.709,1,
1991-7-4,Indonesia,6.7,-8.099,125.681,28,38679
2004-11-11,Indonesia,7.5,-8.152,124.868,33,
1976-7-14,Indonesia,6.5,-8.17,114.888,573,1002800
1998-9-28,Indonesia,6.4,-8.194,112.413,1,
2009-9-30,Indonesia,6.6,-8.207,118.631,1195,3001070
1979-5-30,Indonesia,6.1,-8.21,115.95,34,16735
1987-11-26,Indonesia,6.7,-8.247,124.155,125,12878
2006-12-1,Indonesia,6.3,-8.261,118.753,1,
2018-7-29,Indonesia,6.4,-8.274,116.491,14,33798
2018-8-5,Indonesia,6.9,-8.287,116.452,564,920713
2007-11-25,Indonesia,6.5,-8.292,118.37,3,
1928-8-4,Indonesia,3,-8.3,121.7,128,
2004-1-1,Indonesia,5.8,-8.31,115.788,1,18593
2018-8-19,Indonesia,6.9,-8.325,116.577,10,5827
2021-10-16,Indonesia,5.1,-8.356,115.458,3,
1979-12-18,Indonesia,6.3,-8.39,115.889,32,
1982-12-25,Indonesia,5.9,-8.405,123.08,13,4397
1946-11-10,Peru,6.8,-8.41,-77.535,1400,
2019-3-17,Indonesia,5.8,-8.418,116.52,9,
2007-4-1,Solomon Islands,8.1,-8.466,157.043,52,
1992-12-12,Indonesia,7.5,-8.482,121.93,2500,208567
2021-4-11,Indonesia,6,-8.562,112.519,9,
1943-7-23,Indonesia,7,-8.591,109.803,213,
2023-6-30,Indonesia,5.8,-8.674,110.041,1,
1967-2-20,Indonesia,6.3,-8.965,113.017,54,
1970-5-31,Peru,7.8,-9.183,-78.737,66794,3995031
2006-7-17,Indonesia,7.7,-9.284,107.419,802,79845
1958-10-20,Indonesia,6.7,-9.5,112.5,8,
1986-1-11,Peru,5.3,-9.505,-77.512,1,
1977-4-21,Solomon Islands,6.7,-9.828,160.323,34,
1970-2-14,Peru,5.4,-9.9,-75.6,12,
2009-12-8,Malawi,5.9,-9.948,33.878,1,
2009-12-20,Malawi,6,-10.108,33.818,3,
1988-8-10,Solomon Islands,6.6,-10.199,160.855,1,
1994-6-2,Indonesia,7.2,-10.2,13.2,239,4344
1940-5-24,Peru,8.2,-10.5,-77,179,
1966-10-17,Peru,8.1,-10.665,-78.228,120,135245
2013-2-6,Solomon Islands,8,-10.799,165.114,10,2513
1947-11-1,Peru,7.6,-10.973,-74.725,233,
1977-8-19,Indonesia,8.3,-11.164,118.378,185,5794
1993-4-18,Peru,5.6,-11.652,-76.53,6,
1969-10-1,Peru,6.6,-11.841,-75.051,150,39889
1974-10-4,Peru,7.6,-12.265,-77.795,78,59352
1974-1-5,Peru,6.3,-12.299,-76.352,10,
1997-4-21,Vanuatu,7.7,-12.584,166.676,0,
1982-3-28,Peru,6.1,-12.69,-76.065,3,15163
1981-4-18,Peru,4.8,-13.144,-74.376,8,
1981-6-22,Peru,5.2,-13.166,-74.522,10,
1986-4-5,Peru,5.8,-13.32,-71.57,15,58740
1980-11-12,Peru,4.9,-13.347,-74.545,7,3551
2007-8-15,Peru,8,-13.386,-76.603,593,846874
1989-3-9,Malawi,6.2,-13.45,34.29,9,66101
1950-5-21,Peru,6,-13.5,-72,83,
1994-6-9,Bolivia (Plurinational State of),7.5,-13.841,-67.553,5,
2014-9-27,Peru,4.9,-13.843,-71.695,8,
1913-11-4,Peru,6.3,-14.2,-72.9,150,
1943-1-30,Peru,5,-14.2,-71.5,200,
2001-8-9,Peru,5.8,-14.258,-72.683,4,
1993-3-13,Wallis and Futuna Islands,6.5,-14.385,-178.252,5,
2011-10-28,Peru,6.9,-14.438,-75.966,1,
1942-8-24,Peru,8.1,-14.819,-74.708,30,
1996-11-12,Peru,7.3,-14.9,-75.7,14,
2007-12-9,Brazil,4.9,-15.048,-44.231,1,
2016-12-1,Peru,6.3,-15.321,-70.823,1,
2001-12-4,Peru,5.8,-15.35,-72.516,2,
2009-9-29,Samoa,8.1,-15.489,-172.095,148,169206
2009-9-29,American Samoa,8.1,-15.489,-172.095,34,
2009-9-21,Bhutan,8.1,-15.489,-172.095,11,
2009-9-29,Tonga,8.1,-15.489,-172.095,9,12959
2016-8-14,Peru,5.3,-15.64,-71.68,4,
1991-7-24,Peru,5,-15.679,-71.274,11,
1960-1-13,Peru,7.8,-15.75,-72.75,63,
2018-1-14,Peru,7.1,-15.759,74.71,2,
2001-6-23,Peru,8.4,-16.265,-73.641,145,495838
1979-2-16,Peru,6.9,-16.39,-72.658,13,
1999-11-27,Vanuatu,7.5,-16.423,168.214,12,
1958-1-15,Peru,7.3,-16.5,-72,28,
1999-4-3,Peru,6.8,-16.66,-72.662,1,
1998-5-22,Bolivia (Plurinational State of),6.6,-17.731,-65.431,95,
1987-8-8,Chile,7.2,-19.022,-69.991,5,2576
2014-4-1,Chile,8.2,-19.61,-70.769,6,123621
2005-6-13,Chile,7.8,-19.987,-69.197,11,7493
2006-2-22,Mozambique,7,-21.324,33.583,4,
1953-12-6,Chile,7.4,-22.1,-68.7,3,79837
2007-11-14,Chile,7.7,-22.247,-69.89,2,141146
1977-6-23,Tonga,6.8,-22.878,-175.9,1,5794
1995-7-30,Chile,7.8,-23.34,-70.36,3,3188
1966-12-28,Chile,7.7,-25.494,-70.55,4,3607
1990-10-18,South Africa,4,-26.39,27.349,10,
1946-8-2,Chile,7.9,-26.5,-70.5,2,
1983-10-4,Chile,7.4,-26.535,-70.563,4,2938
1997-7-21,South Africa,5,-26.857,26.619,15,
2005-3-9,South Africa,5,-26.913,26.789,2,29971
2014-8-5,South Africa,5.4,-26.9899,26.7048,1,
1922-11-11,Chile,8.7,-28.553,-70.755,1000,
2019-1-19,Chile,6.7,-30.074,-71.423,2,
1997-10-14,Chile,6.8,-30.933,-71.22,8,87514
1977-11-23,Argentina,7.4,-31.028,-67.767,70,386290
1944-1-15,Argentina,7,-31.372,68.436,10000,1663068
1943-4-6,Chile,8.1,-31.432,-71.475,12,1691908
2015-9-16,Chile,8.3,-31.5729,-71.6744,19,987794
1965-3-28,Chile,7.4,-32.522,-71.233,400,1161022
1971-7-9,Chile,7.8,-32.601,-71.076,85,1708588
1920-12-17,Argentina,6,-32.7,-68.4,400,
1989-12-28,Australia,5.4,-32.967,151.619,12,2360754
1985-1-26,Argentina,6.9,-33.053,-68.467,6,
1985-3-3,Chile,8,-33.135,-71.871,180,4081025
1969-9-29,South Africa,6.3,-33.268,19.386,9,191469
2012-3-25,Chile,7.1,-35.2,-72.217,1,127466
2010-2-27,Chile,8.8,-36.122,-72.898,562,40263352
1939-1-24,Chile,8.3,-36.305,-72.315,30000,19372950
1953-5-6,Chile,7.5,-37.093,-72.866,12,5460821
1987-3-2,New Zealand,6.5,-37.965,176.765,1,540880
1949-4-19,Chile,7.3,-38,-73.5,35,479634
1960-5-22,Chile,9.5,-38.143,-73.407,6000,5442439
1931-2-3,New Zealand,7.4,-39.659,176.42,256,481414
1929-6-17,New Zealand,7.5,-41.55,172.25,17,
1968-5-24,New Zealand,7.2,-41.659,172.02,3,22456
2016-11-14,New Zealand,7.8,-42.725,173.064,2,4755498
2011-6-13,New Zealand,5.9,-43.564,172.743,1,3903120
2011-2-22,New Zealand,6.1,-43.583,172.68,181,19515598
2007-4-21,Chile,6.2,-45.243,-72.648,10,
1949-12-17,Chile,7.8,-54,-71,6,63951
